Workbook

Sheet Datos
C4: Recursos Económicos Familia | D4: 100000 | E4: € | G4: Recursos Ecónomicos de Familia | H4: 50000 | J4: Recuros Totales | K4: 150000
C6: Comprar | D6: Bien P | E6: 100 | F6: €/Unidad | J6: Eficiencia
D7: Bien H | E7: 500 | F7: €/Unidad
C11: Coste de oportunidad
C12: El coste de oportunidad de producir, fabricar, obtener, comprar, etc. un bien, se define como como a la cantidad que tenemos que renunciar de producir, fabricar, obtener, comprar, etc. de otro bien.

Sheet Combinaciones de compra
B5: =Datos!D6 -> Bien P | C5: =Datos!D7 -> Bien H | D5: =CONCATENATE('Hoja auxiliar'!F3,Datos!D6) -> Cosde de oportunidad del Bien P | E5: =CONCATENATE('Hoja auxiliar'!F3,Datos!D7) -> Cosde de oportunidad del Bien H | F5: Bien P | G5: Bien H | H5: =CONCATENATE('Hoja auxiliar'!F4,Datos!D6) -> Nuevo Coste Oportunidad Bien P | I5: =CONCATENATE('Hoja auxiliar'!F4,Datos!D7) -> Nuevo Coste Oportunidad Bien H
B6: 0 | C6: =(Datos!$D$4-Datos!$E$6*B6)/Datos!$E$7 -> 200 | D6: ------------ | E6: =B7-B6 -> 200 | F6: 0 | G6: =(Datos!$D$4+Datos!$H$4-Datos!$E$6*F6)/Datos!$E$7 -> 300 | H6: -------------- | I6: =F7-F6 -> 375
B7: ='Hoja auxiliar'!D1*$B$21 -> 200 | C7: =(Datos!$D$4-Datos!$E$6*B7)/Datos!$E$7 -> 160 | D7: =C6-C7 -> 40 | E7: =B8-B7 -> 50 | F7: =$F$21*'Hoja auxiliar'!D2 -> 375 | G7: =(Datos!$D$4+Datos!$H$4-Datos!$E$6*F7)/Datos!$E$7 -> 225 | H7: =G6-G7 -> 75 | I7: =F8-F7 -> 75
B8: ='Hoja auxiliar'!D2*$B$21 -> 250 | C8: =(Datos!$D$4-Datos!$E$6*B8)/Datos!$E$7 -> 150 | D8: =C7-C8 -> 10 | E8: =B9-B8 -> 50 | F8: =$F$21*'Hoja auxiliar'!D3 -> 450 | G8: =(Datos!$D$4+Datos!$H$4-Datos!$E$6*F8)/Datos!$E$7 -> 210 | H8: =G7-G8 -> 15 | I8: =F9-F8 -> 75
B9: ='Hoja auxiliar'!D3*$B$21 -> 300 | C9: =(Datos!$D$4-Datos!$E$6*B9)/Datos!$E$7 -> 140 | D9: =C8-C9 -> 10 | E9: =B10-B9 -> 50 | F9: =$F$21*'Hoja auxiliar'!D4 -> 525 | G9: =(Datos!$D$4+Datos!$H$4-Datos!$E$6*F9)/Datos!$E$7 -> 195 | H9: =G8-G9 -> 15 | I9: =F10-F9 -> 75
B10: ='Hoja auxiliar'!D4*$B$21 -> 350 | C10: =(Datos!$D$4-Datos!$E$6*B10)/Datos!$E$7 -> 130 | D10: =C9-C10 -> 10 | E10: =B11-B10 -> 50 | F10: =$F$21*'Hoja auxiliar'!D5 -> 600 | G10: =(Datos!$D$4+Datos!$H$4-Datos!$E$6*F10)/Datos!$E$7 -> 180 | H10: =G9-G10 -> 15 | I10: =F11-F10 -> 75
B11: ='Hoja auxiliar'!D5*$B$21 -> 400 | C11: =(Datos!$D$4-Datos!$E$6*B11)/Datos!$E$7 -> 120 | D11: =C10-C11 -> 10 | E11: =B12-B11 -> 50 | F11: =$F$21*'Hoja auxiliar'!D6 -> 675 | G11: =(Datos!$D$4+Datos!$H$4-Datos!$E$6*F11)/Datos!$E$7 -> 165 | H11: =G10-G11 -> 15 | I11: =F12-F11 -> 75
B12: ='Hoja auxiliar'!D6*$B$21 -> 450 | C12: =(Datos!$D$4-Datos!$E$6*B12)/Datos!$E$7 -> 110 | D12: =C11-C12 -> 10 | E12: =B13-B12 -> 50 | F12: =$F$21*'Hoja auxiliar'!D7 -> 750 | G12: =(Datos!$D$4+Datos!$H$4-Datos!$E$6*F12)/Datos!$E$7 -> 150 | H12: =G11-G12 -> 15 | I12: =F13-F12 -> 75
B13: ='Hoja auxiliar'!D7*$B$21 -> 500 | C13: =(Datos!$D$4-Datos!$E$6*B13)/Datos!$E$7 -> 100 | D13: =C12-C13 -> 10 | E13: =B14-B13 -> 50 | F13: =$F$21*'Hoja auxiliar'!D8 -> 825 | G13: =(Datos!$D$4+Datos!$H$4-Datos!$E$6*F13)/Datos!$E$7 -> 135 | H13: =G12-G13 -> 15 | I13: =F14-F13 -> 75
B14: ='Hoja auxiliar'!D8*$B$21 -> 550 | C14: =(Datos!$D$4-Datos!$E$6*B14)/Datos!$E$7 -> 90 | D14: =C13-C14 -> 10 | E14: =B15-B14 -> 50 | F14: =$F$21*'Hoja auxiliar'!D9 -> 900 | G14: =(Datos!$D$4+Datos!$H$4-Datos!$E$6*F14)/Datos!$E$7 -> 120 | H14: =G13-G14 -> 15 | I14: =F15-F14 -> 75
B15: ='Hoja auxiliar'!D9*$B$21 -> 600 | C15: =(Datos!$D$4-Datos!$E$6*B15)/Datos!$E$7 -> 80 | D15: =C14-C15 -> 10 | E15: =B16-B15 -> 50 | F15: =$F$21*'Hoja auxiliar'!D10 -> 975 | G15: =(Datos!$D$4+Datos!$H$4-Datos!$E$6*F15)/Datos!$E$7 -> 105 | H15: =G14-G15 -> 15 | I15: =F16-F15 -> 75
B16: ='Hoja auxiliar'!D10*$B$21 -> 650 | C16: =(Datos!$D$4-Datos!$E$6*B16)/Datos!$E$7 -> 70 | D16: =C15-C16 -> 10 | E16: =B17-B16 -> 50 | F16: =$F$21*'Hoja auxiliar'!D11 -> 1050 | G16: =(Datos!$D$4+Datos!$H$4-Datos!$E$6*F16)/Datos!$E$7 -> 90 | H16: =G15-G16 -> 15 | I16: =F17-F16 -> 75
B17: ='Hoja auxiliar'!D11*$B$21 -> 700 | C17: =(Datos!$D$4-Datos!$E$6*B17)/Datos!$E$7 -> 60 | D17: =C16-C17 -> 10 | E17: =B18-B17 -> 50 | F17: =$F$21*'Hoja auxiliar'!D12 -> 1125 | G17: =(Datos!$D$4+Datos!$H$4-Datos!$E$6*F17)/Datos!$E$7 -> 75 | H17: =G16-G17 -> 15 | I17: =F18-F17 -> 75
B18: ='Hoja auxiliar'!D12*$B$21 -> 750 | C18: =(Datos!$D$4-Datos!$E$6*B18)/Datos!$E$7 -> 50 | D18: =C17-C18 -> 10 | E18: =B19-B18 -> 50 | F18: =$F$21*'Hoja auxiliar'!D13 -> 1200 | G18: =(Datos!$D$4+Datos!$H$4-Datos!$E$6*F18)/Datos!$E$7 -> 60 | H18: =G17-G18 -> 15 | I18: =F19-F18 -> 75
... B20: ='Hoja auxiliar'!D14*$B$21 -> 850 | C20: =(Datos!$D$4-Datos!$E$6*B20)/Datos!$E$7 -> 30 | D20: =C19-C20 -> 10 | E20: =B21-B20 -> 150 | F20: =$F$21*'Hoja auxiliar'!D15 -> 1350 | G20: =(Datos!$D$4+Datos!$H$4-Datos!$E$6*F20)/Datos!$E$7 -> 30 | H20: =G19-G20 -> 15 | I20: =F21-F20 -> 150
B21: =(Datos!$D$4-C21*Datos!$E$7)/Datos!$E$6 -> 1000 | C21: 0 | D21: =C20-C21 -> 30 | E21: ------------ | F21: =(Datos!$D$4+Datos!H4-G21*Datos!$E$7)/Datos!$E$6 -> 1500 | G21: 0 | H21: =G20-G21 -> 30 | I21: ----------
E23: Bien P | F23: Bien H
D24: Comprobante | E24: 200 | F24: 160 | G24: =IF('Hoja auxiliar'!J5=Datos!D4,'Combinaciones de compra'!H26,IF('Hoja auxiliar'!J5<Datos!D4,'Combinaciones de compra'!H27,'Combinaciones de compra'!H25)) -> Posible y Eficiente | H24: FP Vieja | I24: FP Nueva | J24: =IF('Hoja auxiliar'!J5<Datos!K4,H27,IF('Hoja auxiliar'!J5>Datos!K4,H25,H26)) -> Posible e Ineficiente
H25: Imposible
H26: Posible y Eficiente
H27: Posible e Ineficiente

Sheet Frontera Posibilidades Compra

Sheet Hoja auxiliar
D1: 0.2
D2: 0.25
D3: 0.3 | F3: Cosde de oportunidad del
D4: 0.35 | F4: Nuevo Coste Oportunidad
D5: 0.4 | F5: FP Compra | J5: ='Combinaciones de compra'!E24*Datos!E6+'Combinaciones de compra'!F24*Datos!E7 -> 100000
D6: 0.45
D7: 0.5 | L7: La combinacion | N7: para
D8: 0.55 | L8: de
D9: 0.6 | L9: del
D10: 0.65 | L10: y
D11: 0.7 | L11: es
D12: 0.75
D13: 0.8 | J13: =CONCATENATE(L7," ",L8," ",'Combinaciones de compra'!E24," ",L9," ",Datos!D6," ",L10," ",L8," ",'Combinaciones de compra'!F24," ",'Hoja auxiliar'!L9," ",Datos!D7," ",L11," ",'Combinaciones de compra'!G24," ",'Combinaciones de compra'!H24," ","y/e"," ",'Combinaciones de compra'!J24," ",N7," ",'Combinaciones de compra'!I24) -> La combinacion de 200 del Bien P y de 160 del Bien H es Posible y Eficiente FP Vieja y/e Posible e Ineficiente para FP Nueva
D14: 0.85
D15: 0.9
