Workbook

Sheet Datos
B5: Recursos Economicos de la familia | C5: 100000 | E5: Recursos Economicos Familia | F5: 50000
B6: Comprar | C6: Bien P | D6: 100 | E6: €/U
C7: Bien H | D7: 500 | E7: €/U
B13: El coste de oportunidad de un bien o servicio es la cantidad de otros bienes o servicios a los que debe renunciarse para obtenerlo.

Sheet Combinaciones de compra
B3: =Datos!C6 -> Bien P | C3: =Datos!C7 -> Bien H | D3: =CONCATENATE(Auxiliar!E3,Datos!C6) -> Coste De Oportunidad del Bien P | E3: =CONCATENATE("Coste De Oportunidad del ",Datos!C7) -> Coste De Oportunidad del Bien H | F3: =Datos!C6 -> Bien P | G3: =Datos!C7 -> Bien H | H3: =CONCATENATE("Nuevo ",Auxiliar!E3,Datos!C6) -> Nuevo Coste De Oportunidad del Bien P | I3: =CONCATENATE("Nuevo Coste De Oportunidad del ",Datos!C7) -> Nuevo Coste De Oportunidad del Bien H
B4: 0 | C4: =(Datos!$C$5-Datos!$D$6*B4)/Datos!$D$7 -> 200 | D4: ---------- | E4: =B5-B4 -> 100 | F4: 0 | G4: =(Datos!$C$5+Datos!$F$5-Datos!$D$6*F4)/Datos!$D$7 -> 300 | H4: --------------------- | I4: =F5-F4 -> 150
B5: =Auxiliar!B5*$B$14 -> 100 | C5: =(Datos!$C$5-Datos!$D$6*B5)/Datos!$D$7 -> 180 | D5: =C4-C5 -> 20 | E5: =B6-B5 -> 100 | F5: =Auxiliar!B5*$F$14 -> 150 | G5: =(Datos!$C$5+Datos!$F$5-Datos!$D$6*F5)/Datos!$D$7 -> 270 | H5: =G4-G5 -> 30 | I5: =F6-F5 -> 150
B6: =Auxiliar!B6*$B$14 -> 200 | C6: =(Datos!$C$5-Datos!$D$6*B6)/Datos!$D$7 -> 160 | D6: =C5-C6 -> 20 | E6: =B7-B6 -> 100 | F6: =Auxiliar!B6*$F$14 -> 300 | G6: =(Datos!$C$5+Datos!$F$5-Datos!$D$6*F6)/Datos!$D$7 -> 240 | H6: =G5-G6 -> 30 | I6: =F7-F6 -> 150
B7: =Auxiliar!B7*$B$14 -> 300 | C7: =(Datos!$C$5-Datos!$D$6*B7)/Datos!$D$7 -> 140 | D7: =C6-C7 -> 20 | E7: =B8-B7 -> 100 | F7: =Auxiliar!B7*$F$14 -> 450 | G7: =(Datos!$C$5+Datos!$F$5-Datos!$D$6*F7)/Datos!$D$7 -> 210 | H7: =G6-G7 -> 30 | I7: =F8-F7 -> 150
B8: =Auxiliar!B8*$B$14 -> 400 | C8: =(Datos!$C$5-Datos!$D$6*B8)/Datos!$D$7 -> 120 | D8: =C7-C8 -> 20 | E8: =B9-B8 -> 100 | F8: =Auxiliar!B8*$F$14 -> 600 | G8: =(Datos!$C$5+Datos!$F$5-Datos!$D$6*F8)/Datos!$D$7 -> 180 | H8: =G7-G8 -> 30 | I8: =F9-F8 -> 150
B9: =Auxiliar!B9*$B$14 -> 500 | C9: =(Datos!$C$5-Datos!$D$6*B9)/Datos!$D$7 -> 100 | D9: =C8-C9 -> 20 | E9: =B10-B9 -> 100 | F9: =Auxiliar!B9*$F$14 -> 750 | G9: =(Datos!$C$5+Datos!$F$5-Datos!$D$6*F9)/Datos!$D$7 -> 150 | H9: =G8-G9 -> 30 | I9: =F10-F9 -> 150
B10: =Auxiliar!B10*$B$14 -> 600 | C10: =(Datos!$C$5-Datos!$D$6*B10)/Datos!$D$7 -> 80 | D10: =C9-C10 -> 20 | E10: =B11-B10 -> 100 | F10: =Auxiliar!B10*$F$14 -> 900 | G10: =(Datos!$C$5+Datos!$F$5-Datos!$D$6*F10)/Datos!$D$7 -> 120 | H10: =G9-G10 -> 30 | I10: =F11-F10 -> 150
B11: =Auxiliar!B11*$B$14 -> 700 | C11: =(Datos!$C$5-Datos!$D$6*B11)/Datos!$D$7 -> 60 | D11: =C10-C11 -> 20 | E11: =B12-B11 -> 100 | F11: =Auxiliar!B11*$F$14 -> 1050 | G11: =(Datos!$C$5+Datos!$F$5-Datos!$D$6*F11)/Datos!$D$7 -> 90 | H11: =G10-G11 -> 30 | I11: =F12-F11 -> 150
B12: =Auxiliar!B12*$B$14 -> 800 | C12: =(Datos!$C$5-Datos!$D$6*B12)/Datos!$D$7 -> 40 | D12: =C11-C12 -> 20 | E12: =B13-B12 -> 100 | F12: =Auxiliar!B12*$F$14 -> 1200 | G12: =(Datos!$C$5+Datos!$F$5-Datos!$D$6*F12)/Datos!$D$7 -> 60 | H12: =G11-G12 -> 30 | I12: =F13-F12 -> 150
B13: =Auxiliar!B13*$B$14 -> 900 | C13: =(Datos!$C$5-Datos!$D$6*B13)/Datos!$D$7 -> 20 | D13: =C12-C13 -> 20 | E13: =B14-B13 -> 100 | F13: =Auxiliar!B13*$F$14 -> 1350 | G13: =(Datos!$C$5+Datos!$F$5-Datos!$D$6*F13)/Datos!$D$7 -> 30 | H13: =G12-G13 -> 30 | I13: =F14-F13 -> 150
B14: =(Datos!$C$5-C14*Datos!$D$7)/Datos!$D$6 -> 1000 | C14: 0 | D14: =C13-C14 -> 20 | E14: ------------- | F14: =(Datos!$C$5+Datos!$F$5-G14*Datos!$D$7)/Datos!$D$6 -> 1500 | G14: 0 | H14: =G13-G14 -> 30 | I14: ------------------------

Sheet Frontera Posibilidades de Compr

Sheet Auxiliar
E3: Coste De Oportunidad del
B4: 8.8817842e-16
B5: 0.1 | J5: ='Combinaciones de compra'!E24*Datos!E6+'Combinaciones de compra'!F24*Datos!E7 -> #VALUE!
B6: 0.2
B7: 0.3 | L7: La combinacion | N7: para
B8: 0.4 | L8: de
B9: 0.5 | L9: del
B10: 0.6 | L10: y
B11: 0.7 | L11: es
B12: 0.8
B13: 0.9 | J13: =CONCATENATE(L7," ",L8," ",'Combinaciones de compra'!E24," ",L9," ",Datos!D6," ",L10," ",L8," ",'Combinaciones de compra'!F24," ",'Hoja auxiliar'!L9," ",Datos!D7," ",L11," ",'Combinaciones de compra'!G24," ",'Combinaciones de compra'!H24," ","y/e"," ",'Combinaciones de compra'!J24," ",N7," ",'Combinaciones de compra'!I24) -> #REF!
