Workbook

Sheet Datos
A3: Productos | B3: vespas | C3: Producción corto plazo | F3: Capital(K) | G3: 100 | H3: € | I3: =B7 -> L | J3: 12 | K3: €/L | L3: =C7 -> q(vespas) | M3: 25 | N3: =CONCATENATE("€/",$C$7) -> €/q(vespas)
M4: 40 | N4: =CONCATENATE("€/",$C$7) -> €/q(vespas)
B7: L | C7: =CONCATENATE("q(",B3,")") -> q(vespas)
B8: 0 | C8: 0
B9: 1 | C9: 10
B10: 2 | C10: 30
B11: 3 | C11: 60
B12: 4 | C12: 80
B13: 5 | C13: 95
B14: 6 | C14: 108
B15: 7 | C15: 112
B16: 8 | C16: 112
B17: 9 | C17: 108
B18: 10 | C18: 100

Sheet Tabla de producción
N3: ingreso | O3: beneficio
C4: =Datos!B7 -> L | D4: =Datos!C7 -> q(vespas) | E4: Producto Medio | F4: Producto Marginal | G4: Cfme | H4: Cvme | I4: Coste Fijo | J4: Coste Variable | K4: Coste Total | L4: Coste Total Medio | M4: Coste Total Marginal | N4: Ingreso | O4: Beneficio
C5: =Datos!B8 -> 0 | D5: =Datos!C8 -> 0 | E5: --------------- | F5: --------------- | G5: =IF(D5=0,"-------",I5/D5) -> ------- | H5: =IF(D5=0,"-------",J5/D5) -> ------- | I5: =Datos!$G$3 -> 100 | J5: =(C5*Datos!$J$3)+(D5*Datos!$M$3) -> 0 | K5: =SUM(I5:J5) -> 100 | L5: =IF(D5=0,"-------",K5/D5) -> ------- | M5: ------------------------- | N5: =D5*Datos!$M$4 -> 0 | O5: =N5-K5 -> -100
C6: =Datos!B9 -> 1 | D6: =Datos!C9 -> 10 | E6: =D6/C6 -> 10 | F6: =(D6-D5)/(C6-C5) -> 10 | G6: =IF(D6=0,"-------",I6/D6) -> 10 | H6: =IF(D6=0,"-------",J6/D6) -> 26.2 | I6: =Datos!$G$3 -> 100 | J6: =(C6*Datos!$J$3)+(D6*Datos!$M$3) -> 262 | K6: =SUM(I6:J6) -> 362 | L6: =IF(D6=0,"-------",K6/D6) -> 36.2 | M6: =IF(D6-D5=0,"--------------------",(K6-K5)/(D6-D5)) -> 26.2 | N6: =D6*Datos!$M$4 -> 400 | O6: =N6-K6 -> 38
C7: =Datos!B10 -> 2 | D7: =Datos!C10 -> 30 | E7: =D7/C7 -> 15 | F7: =(D7-D6)/(C7-C6) -> 20 | G7: =IF(D7=0,"-------",I7/D7) -> 3.3333333 | H7: =IF(D7=0,"-------",J7/D7) -> 25.8 | I7: =Datos!$G$3 -> 100 | J7: =(C7*Datos!$J$3)+(D7*Datos!$M$3) -> 774 | K7: =SUM(I7:J7) -> 874 | L7: =IF(D7=0,"-------",K7/D7) -> 29.133333 | M7: =IF(D7-D6=0,"--------------------",(K7-K6)/(D7-D6)) -> 25.6 | N7: =D7*Datos!$M$4 -> 1200 | O7: =N7-K7 -> 326
C8: =Datos!B11 -> 3 | D8: =Datos!C11 -> 60 | E8: =D8/C8 -> 20 | F8: =(D8-D7)/(C8-C7) -> 30 | G8: =IF(D8=0,"-------",I8/D8) -> 1.6666667 | H8: =IF(D8=0,"-------",J8/D8) -> 25.6 | I8: =Datos!$G$3 -> 100 | J8: =(C8*Datos!$J$3)+(D8*Datos!$M$3) -> 1536 | K8: =SUM(I8:J8) -> 1636 | L8: =IF(D8=0,"-------",K8/D8) -> 27.266667 | M8: =IF(D8-D7=0,"--------------------",(K8-K7)/(D8-D7)) -> 25.4 | N8: =D8*Datos!$M$4 -> 2400 | O8: =N8-K8 -> 764
C9: =Datos!B12 -> 4 | D9: =Datos!C12 -> 80 | E9: =D9/C9 -> 20 | F9: =(D9-D8)/(C9-C8) -> 20 | G9: =IF(D9=0,"-------",I9/D9) -> 1.25 | H9: =IF(D9=0,"-------",J9/D9) -> 25.6 | I9: =Datos!$G$3 -> 100 | J9: =(C9*Datos!$J$3)+(D9*Datos!$M$3) -> 2048 | K9: =SUM(I9:J9) -> 2148 | L9: =IF(D9=0,"-------",K9/D9) -> 26.85 | M9: =IF(D9-D8=0,"--------------------",(K9-K8)/(D9-D8)) -> 25.6 | N9: =D9*Datos!$M$4 -> 3200 | O9: =N9-K9 -> 1052
C10: =Datos!B13 -> 5 | D10: =Datos!C13 -> 95 | E10: =D10/C10 -> 19 | F10: =(D10-D9)/(C10-C9) -> 15 | G10: =IF(D10=0,"-------",I10/D10) -> 1.0526316 | H10: =IF(D10=0,"-------",J10/D10) -> 25.631579 | I10: =Datos!$G$3 -> 100 | J10: =(C10*Datos!$J$3)+(D10*Datos!$M$3) -> 2435 | K10: =SUM(I10:J10) -> 2535 | L10: =IF(D10=0,"-------",K10/D10) -> 26.684211 | M10: =IF(D10-D9=0,"--------------------",(K10-K9)/(D10-D9)) -> 25.8 | N10: =D10*Datos!$M$4 -> 3800 | O10: =N10-K10 -> 1265
C11: =Datos!B14 -> 6 | D11: =Datos!C14 -> 108 | E11: =D11/C11 -> 18 | F11: =(D11-D10)/(C11-C10) -> 13 | G11: =IF(D11=0,"-------",I11/D11) -> 0.92592593 | H11: =IF(D11=0,"-------",J11/D11) -> 25.666667 | I11: =Datos!$G$3 -> 100 | J11: =(C11*Datos!$J$3)+(D11*Datos!$M$3) -> 2772 | K11: =SUM(I11:J11) -> 2872 | L11: =IF(D11=0,"-------",K11/D11) -> 26.592593 | M11: =IF(D11-D10=0,"--------------------",(K11-K10)/(D11-D10)) -> 25.923077 | N11: =D11*Datos!$M$4 -> 4320 | O11: =N11-K11 -> 1448
C12: =Datos!B15 -> 7 | D12: =Datos!C15 -> 112 | E12: =D12/C12 -> 16 | F12: =(D12-D11)/(C12-C11) -> 4 | G12: =IF(D12=0,"-------",I12/D12) -> 0.89285714 | H12: =IF(D12=0,"-------",J12/D12) -> 25.75 | I12: =Datos!$G$3 -> 100 | J12: =(C12*Datos!$J$3)+(D12*Datos!$M$3) -> 2884 | K12: =SUM(I12:J12) -> 2984 | L12: =IF(D12=0,"-------",K12/D12) -> 26.642857 | M12: =IF(D12-D11=0,"--------------------",(K12-K11)/(D12-D11)) -> 28 | N12: =D12*Datos!$M$4 -> 4480 | O12: =N12-K12 -> 1496
C13: =Datos!B16 -> 8 | D13: =Datos!C16 -> 112 | E13: =D13/C13 -> 14 | F13: =(D13-D12)/(C13-C12) -> 0 | G13: =IF(D13=0,"-------",I13/D13) -> 0.89285714 | H13: =IF(D13=0,"-------",J13/D13) -> 25.857143 | I13: =Datos!$G$3 -> 100 | J13: =(C13*Datos!$J$3)+(D13*Datos!$M$3) -> 2896 | K13: =SUM(I13:J13) -> 2996 | L13: =IF(D13=0,"-------",K13/D13) -> 26.75 | M13: =IF(D13-D12=0,"--------------------",(K13-K12)/(D13-D12)) -> -------------------- | N13: =D13*Datos!$M$4 -> 4480 | O13: =N13-K13 -> 1484
C14: =Datos!B17 -> 9 | D14: =Datos!C17 -> 108 | E14: =D14/C14 -> 12 | F14: =(D14-D13)/(C14-C13) -> -4 | G14: =IF(D14=0,"-------",I14/D14) -> 0.92592593 | H14: =IF(D14=0,"-------",J14/D14) -> 26 | I14: =Datos!$G$3 -> 100 | J14: =(C14*Datos!$J$3)+(D14*Datos!$M$3) -> 2808 | K14: =SUM(I14:J14) -> 2908 | L14: =IF(D14=0,"-------",K14/D14) -> 26.925926 | M14: =IF(D14-D13=0,"--------------------",(K14-K13)/(D14-D13)) -> 22 | N14: =D14*Datos!$M$4 -> 4320 | O14: =N14-K14 -> 1412
C15: =Datos!B18 -> 10 | D15: =Datos!C18 -> 100 | E15: =D15/C15 -> 10 | F15: =(D15-D14)/(C15-C14) -> -8 | G15: =IF(D15=0,"-------",I15/D15) -> 1 | H15: =IF(D15=0,"-------",J15/D15) -> 26.2 | I15: =Datos!$G$3 -> 100 | J15: =(C15*Datos!$J$3)+(D15*Datos!$M$3) -> 2620 | K15: =SUM(I15:J15) -> 2720 | L15: =IF(D15=0,"-------",K15/D15) -> 27.2 | M15: =IF(D15-D14=0,"--------------------",(K15-K14)/(D15-D14)) -> 23.5 | N15: =D15*Datos!$M$4 -> 4000 | O15: =N15-K15 -> 1280
B17: Ley de los rendimientos decrecientes | H17: Máximo | I17: =C4 -> L | J17: =D4 -> q(vespas)
H18: =MAX(F6:F15) -> 30 | I18: =Auxiliar!C17 -> 3 | J18: =Auxiliar!D17 -> 60
H21: =MAX(O5:O15) -> 1496 | I21: =VLOOKUP(H21,Auxiliar!A6:D15,3,0) -> 7 | J21: =VLOOKUP(H21,Auxiliar!A6:D15,4,0) -> 112

Sheet Graficas

Sheet Auxiliar
A5: ='Tabla de producción'!O4 -> Beneficio | B5: ='Tabla de producción'!F4 -> Producto Marginal | C5: ='Tabla de producción'!C4 -> L | D5: ='Tabla de producción'!D4 -> q(vespas)
A6: ='Tabla de producción'!O5 -> -100 | B6: ='Tabla de producción'!F5 -> --------------- | C6: ='Tabla de producción'!C5 -> 0 | D6: ='Tabla de producción'!D5 -> 0
A7: ='Tabla de producción'!O6 -> 38 | B7: ='Tabla de producción'!F6 -> 10 | C7: ='Tabla de producción'!C6 -> 1 | D7: ='Tabla de producción'!D6 -> 10
A8: ='Tabla de producción'!O7 -> 326 | B8: ='Tabla de producción'!F7 -> 20 | C8: ='Tabla de producción'!C7 -> 2 | D8: ='Tabla de producción'!D7 -> 30
A9: ='Tabla de producción'!O8 -> 764 | B9: ='Tabla de producción'!F8 -> 30 | C9: ='Tabla de producción'!C8 -> 3 | D9: ='Tabla de producción'!D8 -> 60
A10: ='Tabla de producción'!O9 -> 1052 | B10: ='Tabla de producción'!F9 -> 20 | C10: ='Tabla de producción'!C9 -> 4 | D10: ='Tabla de producción'!D9 -> 80
A11: ='Tabla de producción'!O10 -> 1265 | B11: ='Tabla de producción'!F10 -> 15 | C11: ='Tabla de producción'!C10 -> 5 | D11: ='Tabla de producción'!D10 -> 95
A12: ='Tabla de producción'!O11 -> 1448 | B12: ='Tabla de producción'!F11 -> 13 | C12: ='Tabla de producción'!C11 -> 6 | D12: ='Tabla de producción'!D11 -> 108
A13: ='Tabla de producción'!O12 -> 1496 | B13: ='Tabla de producción'!F12 -> 4 | C13: ='Tabla de producción'!C12 -> 7 | D13: ='Tabla de producción'!D12 -> 112
A14: ='Tabla de producción'!O13 -> 1484 | B14: ='Tabla de producción'!F13 -> 0 | C14: ='Tabla de producción'!C13 -> 8 | D14: ='Tabla de producción'!D13 -> 112
A15: ='Tabla de producción'!O14 -> 1412 | B15: ='Tabla de producción'!F14 -> -4 | C15: ='Tabla de producción'!C14 -> 9 | D15: ='Tabla de producción'!D14 -> 108
B17: ='Tabla de producción'!H18 -> 30 | C17: =VLOOKUP(B17,$B$5:$D$15,2,) -> 3 | D17: =VLOOKUP(C17, $C$5:$D$15, 2, FALSE()) -> 60
B19: ='Tabla de producción'!$I$18 -> 3 | C19: 0
B20: ='Tabla de producción'!$I$18 -> 3 | C20: =MAX(D6:D15) -> 112
D23: ='Tabla de producción'!$J$21 -> 112 | E23: 0
D24: ='Tabla de producción'!$J$21 -> 112 | E24: =MAX('Tabla de producción'!N5:N15) -> 4480
B26: Beneficio Maximo | C26: =MAX('Tabla de producción'!O5:O15) -> 1496
E28: Ley de los redimientos decrecientes cuando hay
B29: =CONCATENATE(B26," ",C26) -> Beneficio Maximo 1496 | E29: trabajadores
E31: =CONCATENATE(E28,B19,E29) -> Ley de los redimientos decrecientes cuando hay 3 trabajadores
